timestamp,title,summary,url,slant
"Sun, 31 Jul 2016 17:57:50 +0000",Trump Appears To Be Ignorant Of A Major International Conflict,"<p>Asked about Ukraine, Trump offered up a word salad.</p>
<p>The post <a href=""http://thinkprogress.org/politics/2016/07/31/3803591/trump-ukraine-putin/"" rel=""nofollow"">Trump Appears To Be Ignorant Of A Major International Conflict</a> appeared first on <a href=""http://thinkprogress.org"" rel=""nofollow"">ThinkProgress</a>.</p>",http://thinkprogress.org/politics/2016/07/31/3803591/trump-ukraine-putin/,0.06
"Fri, 29 Jul 2016 18:41:13 +0000",London Burger Chain Owners Tricked Workers Into Meeting Where Immigration Agents Arrested Them,"<p>""They said, ‚Äònobody move, we‚Äôre immigration, stay where you are.'"" </p>
<p>The post <a href=""http://thinkprogress.org/world/2016/07/29/3803406/byron-hamburgers-immigration-raid/"" rel=""nofollow"">London Burger Chain Owners Tricked Workers Into Meeting Where Immigration Agents Arrested Them</a> appeared first on <a href=""http://thinkprogress.org"" rel=""nofollow"">ThinkProgress</a>.</p>",http://thinkprogress.org/world/2016/07/29/3803406/byron-hamburgers-immigration-raid/,0.06
"Fri, 29 Jul 2016 15:57:40 +0000","Germany, Turkey, And Lebanon Are Working To Help Reunite 36,000 Syrian Refugee Families","<p>""The burden must be shared.""</p>
<p>The post <a href=""http://thinkprogress.org/world/2016/07/29/3803288/germany-refugee-family-reunification/"" rel=""nofollow"">Germany, Turkey, And Lebanon Are Working To Help Reunite 36,000 Syrian Refugee Families</a> appeared first on <a href=""http://thinkprogress.org"" rel=""nofollow"">ThinkProgress</a>.</p>",http://thinkprogress.org/world/2016/07/29/3803288/germany-refugee-family-reunification/,0.06
"Thu, 28 Jul 2016 20:21:54 +0000","Thanks To Illegal Mining, Colombia Has More Displaced People Than Any Other Country, Except Syria","<p>Teenagers are forced to work in conditions where they risk drownings. </p>
<p>The post <a href=""http://thinkprogress.org/world/2016/07/28/3802894/colombia-peru-illegal-gold-mining/"" rel=""nofollow"">Thanks To Illegal Mining, Colombia Has More Displaced People Than Any Other Country, Except Syria</a> appeared first on <a href=""http://thinkprogress.org"" rel=""nofollow"">ThinkProgress</a>.</p>",http://thinkprogress.org/world/2016/07/28/3802894/colombia-peru-illegal-gold-mining/,0.06
"Wed, 27 Jul 2016 16:12:53 +0000",French Police Caught On Tape Mocking Crying Refugee Woman,"<p>""I'm the one giving orders. Leave.‚Äù</p>
<p>The post <a href=""http://thinkprogress.org/world/2016/07/27/3802438/french-police-mocks-refugee-woman/"" rel=""nofollow"">French Police Caught On Tape Mocking Crying Refugee Woman</a> appeared first on <a href=""http://thinkprogress.org"" rel=""nofollow"">ThinkProgress</a>.</p>",http://thinkprogress.org/world/2016/07/27/3802438/french-police-mocks-refugee-woman/,0.06
"Tue, 26 Jul 2016 15:09:11 +0000",Japan Mass Killing Suspect: ‚ÄòIt Would Be Better If Disabled People Were Dead‚Äô,"<p>‚ÄúIt would be better if disabled people were dead,"" the attacker said after turning himself in.</p>
<p>The post <a href=""http://thinkprogress.org/world/2016/07/26/3801978/japan-stabbing/"" rel=""nofollow"">Japan Mass Killing Suspect: &#8216;It Would Be Better If Disabled People Were Dead&#8217;</a> appeared first on <a href=""http://thinkprogress.org"" rel=""nofollow"">ThinkProgress</a>.</p>",http://thinkprogress.org/world/2016/07/26/3801978/japan-stabbing/,0.06
"Sat, 23 Jul 2016 16:44:29 +0000",Horrific Suicide Bombing Targets Minority Group In Afghanistan,"<p>The bombs detonated in the middle of a peaceful protest that consisted predominantly of Hazaras, a minority ethnic group.</p>
<p>The post <a href=""http://thinkprogress.org/world/2016/07/23/3801384/suicide-bombing-kabul/"" rel=""nofollow"">Horrific Suicide Bombing Targets Minority Group In Afghanistan</a> appeared first on <a href=""http://thinkprogress.org"" rel=""nofollow"">ThinkProgress</a>.</p>",http://thinkprogress.org/world/2016/07/23/3801384/suicide-bombing-kabul/,0.06
"Sat, 23 Jul 2016 14:58:18 +0000",Don‚Äôt Blame Refugees For The Munich Shooting,"<p>Recent acts of mass violence in Western countries have largely been perpetrated by people with deep ties to those countries. </p>
<p>The post <a href=""http://thinkprogress.org/world/2016/07/23/3801349/munich-shooting/"" rel=""nofollow"">Don&#8217;t Blame Refugees For The Munich Shooting</a> appeared first on <a href=""http://thinkprogress.org"" rel=""nofollow"">ThinkProgress</a>.</p>",http://thinkprogress.org/world/2016/07/23/3801349/munich-shooting/,0.06
"Fri, 22 Jul 2016 18:25:54 +0000",Syrian Kids Are Posting Photos Of Pokemon Go To Get People To Pay Attention To Their Plight,"<p>Can you save 'em all?</p>
<p>The post <a href=""http://thinkprogress.org/world/2016/07/22/3801175/syrian-refugees-pokemon-go/"" rel=""nofollow"">Syrian Kids Are Posting Photos Of Pokemon Go To Get People To Pay Attention To Their Plight</a> appeared first on <a href=""http://thinkprogress.org"" rel=""nofollow"">ThinkProgress</a>.</p>",http://thinkprogress.org/world/2016/07/22/3801175/syrian-refugees-pokemon-go/,0.06
"Fri, 22 Jul 2016 14:33:47 +0000",The U.S. Has Made It Nearly Impossible For Low-Income Women To Have An Abortion,"<p>Seventy-four percent of countries with liberal abortion laws cover abortion costs. Why doesn't the U.S.?</p>
<p>The post <a href=""http://thinkprogress.org/health/2016/07/22/3801035/us-hyde-amendment-global-comparison/"" rel=""nofollow"">The U.S. Has Made It Nearly Impossible For Low-Income Women To Have An Abortion</a> appeared first on <a href=""http://thinkprogress.org"" rel=""nofollow"">ThinkProgress</a>.</p>",http://thinkprogress.org/health/2016/07/22/3801035/us-hyde-amendment-global-comparison/,0.06
"Thu, 21 Jul 2016 19:20:13 +0000",Ten Arrested For Plotting Terrorist Attack At Rio Olympics,"<p>The group was described as ""absolute amateurs"" by Brazilian Justice Minister Alexandre Moraes.</p>
<p>The post <a href=""http://thinkprogress.org/sports/2016/07/21/3800782/brazil-terrorism-olympics/"" rel=""nofollow"">Ten Arrested For Plotting Terrorist Attack At Rio Olympics</a> appeared first on <a href=""http://thinkprogress.org"" rel=""nofollow"">ThinkProgress</a>.</p>",http://thinkprogress.org/sports/2016/07/21/3800782/brazil-terrorism-olympics/,0.06
"Thu, 21 Jul 2016 15:43:48 +0000",Trump Might Not Defend U.S. Allies From Russian Invasion,"<p>Trump said U.S. defense of American NATO allies would rest on certain conditions.</p>
<p>The post <a href=""http://thinkprogress.org/politics/2016/07/21/3800579/trump-nato-allies/"" rel=""nofollow"">Trump Might Not Defend U.S. Allies From Russian Invasion</a> appeared first on <a href=""http://thinkprogress.org"" rel=""nofollow"">ThinkProgress</a>.</p>",http://thinkprogress.org/politics/2016/07/21/3800579/trump-nato-allies/,0.06
"Thu, 21 Jul 2016 15:40:15 +0000","After Japan Embraces ‚ÄòSensational‚Äô Anti-Vaxxer Report, HPV Vaccination Rates Collapse","<p>""This is no longer a medical decision but an emotional-based policy.""</p>
<p>The post <a href=""http://thinkprogress.org/health/2016/07/21/3800578/japan-hpv-rate-one-percent/"" rel=""nofollow"">After Japan Embraces &#8216;Sensational&#8217; Anti-Vaxxer Report, HPV Vaccination Rates Collapse</a> appeared first on <a href=""http://thinkprogress.org"" rel=""nofollow"">ThinkProgress</a>.</p>",http://thinkprogress.org/health/2016/07/21/3800578/japan-hpv-rate-one-percent/,0.06
"Wed, 20 Jul 2016 17:26:33 +0000","After Arresting, Suspending, Or Firing 15,000, Turkey Bans Travel For All Academics","<p>One academic based in Istanbul told ThinkProgress that the number of people arrested was ""unbelievable.""</p>
<p>The post <a href=""http://thinkprogress.org/world/2016/07/20/3800183/istanbul-crackdown-academics/"" rel=""nofollow"">After Arresting, Suspending, Or Firing 15,000, Turkey Bans Travel For All Academics</a> appeared first on <a href=""http://thinkprogress.org"" rel=""nofollow"">ThinkProgress</a>.</p>",http://thinkprogress.org/world/2016/07/20/3800183/istanbul-crackdown-academics/,0.06
"Wed, 20 Jul 2016 14:09:34 +0000",Zika Isn‚Äôt The Biggest Mosquito-Transmitted Disease Plaguing Brazil,"<p>Rio de Janeiro alone has seen 8,133 cases of dengue in 2016, which is six times higher than the reported number this time last year ‚Äî and double the number of people sickened by Zika in all of Brazil. </p>
<p>The post <a href=""http://thinkprogress.org/health/2016/07/20/3799600/dengue-fever-brazil-worse-than-zika/"" rel=""nofollow"">Zika Isn&#8217;t The Biggest Mosquito-Transmitted Disease Plaguing Brazil</a> appeared first on <a href=""http://thinkprogress.org"" rel=""nofollow"">ThinkProgress</a>.</p>",http://thinkprogress.org/health/2016/07/20/3799600/dengue-fever-brazil-worse-than-zika/,0.06
"Sun, 17 Jul 2016 18:31:39 +0000","Turkey‚Äôs Erdogan Expands Post-Coup Crackdown To Target Judges, Key Military Leader","<p>Erdogan could bring back the death penalty following the attempted coup.</p>
<p>The post <a href=""http://thinkprogress.org/world/2016/07/17/3799128/erdogan-cracking-down-on-opponents/"" rel=""nofollow"">Turkey&#8217;s Erdogan Expands Post-Coup Crackdown To Target Judges, Key Military Leader</a> appeared first on <a href=""http://thinkprogress.org"" rel=""nofollow"">ThinkProgress</a>.</p>",http://thinkprogress.org/world/2016/07/17/3799128/erdogan-cracking-down-on-opponents/,0.06
"Sat, 16 Jul 2016 15:41:10 +0000",Turkish Government Cracks Down In The Wake Of Failed Coup Attempt,"<p>Turkey is arresting military personnel after the deadly failed coup and also suspending thousands of judges. </p>
<p>The post <a href=""http://thinkprogress.org/world/2016/07/16/3799037/turkey-government-crushes-coup-attempt/"" rel=""nofollow"">Turkish Government Cracks Down In The Wake Of Failed Coup Attempt</a> appeared first on <a href=""http://thinkprogress.org"" rel=""nofollow"">ThinkProgress</a>.</p>",http://thinkprogress.org/world/2016/07/16/3799037/turkey-government-crushes-coup-attempt/,0.06
"Fri, 15 Jul 2016 18:24:08 +0000",Trump Thinks One Of Pence‚Äôs Signature Foreign Policy Stances Reflects ‚ÄòHorribly Bad Judgment.‚Äô Sad!,"<p>Pence was a staunch supporter of the Iraq invasion.</p>
<p>The post <a href=""http://thinkprogress.org/politics/2016/07/15/3798924/mike-pence-donald-trump-iraq-war/"" rel=""nofollow"">Trump Thinks One Of Pence&#8217;s Signature Foreign Policy Stances Reflects &#8216;Horribly Bad Judgment.&#8217; Sad!</a> appeared first on <a href=""http://thinkprogress.org"" rel=""nofollow"">ThinkProgress</a>.</p>",http://thinkprogress.org/politics/2016/07/15/3798924/mike-pence-donald-trump-iraq-war/,0.06
"Fri, 15 Jul 2016 16:52:47 +0000",Anti-Muslim Rep Seizes On Nice Attack To Call For Mass Surveillance Of Muslim Americans,"<p>For Rep. King, this is only the latest in a long history of Islamophobia. </p>
<p>The post <a href=""http://thinkprogress.org/world/2016/07/15/3798798/king-nice-attacks-muslim-surveillance/"" rel=""nofollow"">Anti-Muslim Rep Seizes On Nice Attack To Call For Mass Surveillance Of Muslim Americans</a> appeared first on <a href=""http://thinkprogress.org"" rel=""nofollow"">ThinkProgress</a>.</p>",http://thinkprogress.org/world/2016/07/15/3798798/king-nice-attacks-muslim-surveillance/,0.06
"Fri, 15 Jul 2016 16:42:28 +0000",The Islamophobic Responses To The Attack In Nice So Far,"<p>That was quick.</p>
<p>The post <a href=""http://thinkprogress.org/world/2016/07/15/3798671/islamophobia-nice-attack/"" rel=""nofollow"">The Islamophobic Responses To The Attack In Nice So Far</a> appeared first on <a href=""http://thinkprogress.org"" rel=""nofollow"">ThinkProgress</a>.</p>",http://thinkprogress.org/world/2016/07/15/3798671/islamophobia-nice-attack/,0.06
"Sat, 30 Jul 2016 17:27:39 +0000",MoveOn is hiring organizers to stop Trump‚Äìapply now!,"<div>


<div class=""wp-caption aligncenter c1"" id=""attachment_59628""><a href=""http://redirect.viglink.com?key=11fe087258b6fc0532a5ccfc924805c0&amp;u=http%3A%2F%2Ffront.moveon.org%2Fwp-content%2Fuploads%2F2016%2F07%2FHiring-Organizers.png""><img alt=""MoveOn is hiring organizers to defeat Trump. Apply before August 8."" class=""size-full wp-image-59628"" height=""612"" src=""http://front.moveon.org/wp-content/uploads/2016/07/Hiring-Organizers.png"" width=""612"" /></a>
<p class=""wp-caption-text"">MoveOn is hiring organizers to defeat Trump. Apply before August 8.</p>
</div>
<p><span class=""c2"">Donald Trump is a dangerous bigot. And he‚Äôs tied in the polls in the battleground states that will decide the presidential election.</span></p>
<p><span class=""c2"">We will defeat Donald Trump and elect Hillary Clinton by recruiting, training, and supporting grassroots leaders in the communities that Trump has attacked.<br /></span></p>
<p><strong>This is an all hands on deck moment. That‚Äôs why we‚Äôre hiring state directors and field organizers in 10 battleground states to build a massive base of volunteer organizers.</strong> <strong>Check out the job descriptions below, and apply today for <a href=""http://redirect.viglink.com?key=11fe087258b6fc0532a5ccfc924805c0&amp;u=http%3A%2F%2Ffront.moveon.org%2Fmoveon-is-hiring-organizers-to-stop-trump-apply-now%2F%23statedirector"">state director</a> or <a href=""http://redirect.viglink.com?key=11fe087258b6fc0532a5ccfc924805c0&amp;u=http%3A%2F%2Ffront.moveon.org%2Fmoveon-is-hiring-organizers-to-stop-trump-apply-now%2F%23fieldorganizer"">field organizer</a>.¬†</strong> (Or, share the opportunities using the share buttons to the right).</p>
<p>We will organize volunteer teams to knock on hundreds of thousands of doors and have conversations with enough voters to swing a close election‚Äìthe presidential race, and, in many states, a Senate race, too. <span class=""c2"">We know that face-to-face conversations with voters are the #1 most effective way to increase voter participation.</span></p>
<p><span class=""c2"">With millions of members nationwide and an 18-year track record of winning electoral and progressive issue campaigns and breaking new digital and field organizing ground ‚Äìand as the largest organization to endorse Bernie Sanders in the Democratic primary‚ÄìMoveOn is uniquely suited to influence the outcome of this election.</span></p>
<p><span class=""c2"">Unlike in most campaigns, we‚Äôre not running a paid canvass. We‚Äôre unleashing the phenomenal energy and smarts of volunteer leaders to canvass their own neighborhoods and communities, where they can make the biggest difference.</span></p>
<p><span class=""c2"">And we‚Äôre not stopping there. We know that our task is not just to win an election, but to demonstrate that bigotry is a losing strategy and to build power to win on the issues that matter to everyday people: income inequality, police and criminal justice reform, climate change, good jobs, immigrants‚Äô rights, and more. Unlike candidate campaigns that shut down after Election Day, MoveOn.org organizes 7 days a week, 365 days a year. The leaders you develop will join a grassroots network that will organize to build power and win on issues after the election.</span></p>
<h2><a id=""statedirector"">State Director ‚Äì United Against Hate Campaign ‚Äì MoveOn.org</h2>
<h3><strong>Temporary, Full Time ‚Ä¢ Starts Aug 22, Ends Nov 30</strong> <strong>‚Ä¢¬†</strong><strong>Competitive Pay ‚Ä¢ Excellent Benefits¬†‚Ä¢¬†</strong><strong>Work from Arizona, Colorado, Florida, Iowa, Nevada, New Hampshire, North Carolina, Ohio, Pennsylvania, and Virginia.</strong></h3>
<p><span class=""c2"">MoveOn is seeking highly motivated and goal-oriented state directors to lead our campaign in battleground states to organize progressive voters to stop Donald Trump and elect Hillary Clinton president. We are running a voter identification and turnout program focused on progressive voters, built around volunteer-hosted and volunteer-run neighborhood door-to-door canvassing. State Directors are responsible for managing, motivating, and coaching a team of Field Organizers in 1-2 states; representing the team with allies, partners, and the media; and meeting goals and deadlines. The Field Organizers you lead will organize ‚Äúbarnstorm‚Äù organizing tours of their turf, recruit volunteer canvass leaders at those events, and support hundreds of volunteer leaders over the course of 13 core canvassing days of action.</span></p>
<p><strong>Responsibilities:</strong></p>
<ul><li class=""c3""><span class=""c2"">Manage, coach, and support a team of high-performing field organizers in 1-2 states to meet ambitious goals and deadlines.</span></li>
<li class=""c3""><span class=""c2"">Lead team trainings, huddles, conference calls, and meetings, virtually and in person.</span></li>
<li class=""c3""><span class=""c2"">Build positive team culture.</span></li>
<li class=""c3""><span class=""c2"">Report data for your state team, ensure your team is reporting data impeccably using NGP VAN and soft reporting, and recommend and make adjustments based on analysis of the data.</span></li>
<li class=""c3""><span class=""c2"">Work with Data Director, local partners, organizers, and volunteers to manage and assign canvassing turf for volunteers to canvass.</span></li>
<li class=""c3""><span class=""c2"">Identify, build relationships with, and seek collaboration with local and state allies, including campaign surrogates, community leaders, and other notables in the state.</span></li>
<li class=""c3""><span class=""c2"">Participate as a member of a state and national team, contributing to shared learning and mutual accountability.</span></li>
<li class=""c3""><span class=""c2"">Identify strategies for post-election issue advocacy and organizing.</span></li>
<li class=""c3""><span class=""c2"">Possibly serve as media spokesperson.</span></li>
</ul><p><strong>Required Experience:</strong></p>
<ul><li class=""c3""><span class=""c2"">Minimum one election cycle as a staff manager or two years staff management in an issue or advocacy campaign environment</span></li>
<li class=""c3""><span class=""c2"">Proven track record of organizing effective volunteer teams and leading effective trainings and organizing meetings</span></li>
<li class=""c3""><span class=""c2"">Experience with voter databases such as NGP VAN</span></li>
<li class=""c3""><span class=""c2"">Experience canvassing or leading canvasses</span></li>
<li class=""c3""><span class=""c2"">Comfort, experience with, or eagerness to learn technology-based organizing tools such as Hustle, Zoom, Organizer, and ActionKit</span></li>
<li class=""c3""><span class=""c2"">Valid driver‚Äôs license, car insurance, and clean driving record</span></li>
</ul><p><strong>Skills, Characteristics, and Values:</strong></p>
<ul><li class=""c3""><span class=""c2"">Acts with high integrity, professionalism, low ego, and camaraderie</span></li>
<li class=""c3""><span class=""c2"">Attention to detail</span></li>
<li class=""c3""><span class=""c2"">Commitment to recruiting diverse leadership and making visible the leadership of people most impacted by Trump‚Äôs campaign of bigotry</span></li>
<li class=""c3""><span class=""c2"">Able to adapt to rapidly changing environment</span></li>
<li class=""c3""><span class=""c2"">Self-motivated, driven, able to work nights, weekends, and long hours, and able to maintain work-life balance. We take a healthy workplace seriously and can accommodate flexible daytime schedules when evening work is required.</span></li>
<li class=""c3""><span class=""c2"">Bilingual a plus</span></li>
</ul><p><strong>Location</strong><span class=""c2"">: Positions in Arizona, Colorado, Florida, Iowa, Nevada, New Hampshire, North Carolina, Ohio, Pennsylvania, Virginia</span></p>
<p><strong>Reports to:</strong> <span class=""c2"">National Field Organizer</span></p>
<p><strong>Classification, Salary, and Benefits:</strong> <span class=""c2"">Full-time; highly competitive salary including benefits such as 100%-employer-paid premiums for medical, dental, and vision insurance for all staff and their children; employer-paid premiums for life insurance for all staff; 13.32 hours accrued vacation per month, 6.66 hours accrued sick leave per month; and reimbursement of home office expenses. ¬†</span><span class=""c2""><br /></span></p>
<p><strong>To Apply:</strong> <a href=""http://redirect.viglink.com?key=11fe087258b6fc0532a5ccfc924805c0&amp;u=https%3A%2F%2Fdocs.google.com%2Fforms%2Fd%2Fe%2F1FAIpQLSd3cZqbYmc2p1n2KIGT8Rh6Z3-CVTQD9W2olir8bf-cWqLJVA%2Fviewform""><span class=""c2"">Click here to submit your application, resume, and cover letter.</span></a> <span class=""c2"">Apply by Monday, August 8, at 5 p.m. ET. Candidates will be reviewed on a rolling basis. Apply ASAP for consideration.</span></p>
<p><em><span class=""c2"">MoveOn.org Civic Action and MoveOn.org Political Action provide equal employment opportunities (EEO) to all employees and applicants for employment without regard to race, color, religion, gender, sexual orientation, gender identity or expression, national origin, age, disability, genetic information, marital status, amnesty, or status as a covered veteran, in accordance with applicable federal, state, and local laws.</span></em></p>
<h2><a id=""fieldorganizer"">Field¬†Organizer ‚Äì United Against Hate Campaign ‚Äì MoveOn.org</h2>
<h3><strong>Temporary, Full Time ‚Ä¢ Starts Aug 22, Ends Nov 30</strong> <strong>‚Ä¢¬†</strong><strong>Competitive Pay ‚Ä¢ Excellent Benefits¬†‚Ä¢¬†</strong><strong>Work from Arizona, Colorado, Florida, Iowa, Nevada, New Hampshire, North Carolina, Ohio, Pennsylvania, and Virginia.</strong></h3>
<p><span class=""c2"">MoveOn is seeking highly motivated and goal-oriented organizers to organize progressive voters in battleground states to stop Donald Trump and elect Hillary Clinton president. We are running a voter identification and turnout program focused on progressive voters, built around volunteer-hosted and volunteer-run neighborhood door-to-door canvassing. Field Organizers are responsible for organizing ‚Äúbarnstorm‚Äù organizing tours to rally volunteers; recruiting and training volunteers to lead distributed neighborhood canvass teams; and supporting hundreds of volunteer leaders over the course of 13 core canvassing days of action.</span></p>
<p><strong>Responsibilities:</strong></p>
<ul><li class=""c3""><span class=""c2"">Organize ‚Äúbarnstorm‚Äù organizing tours of your region‚Äîhosting at least a dozen barnstorm community meetings to rally volunteers, build community, and recruit and train canvass leaders and canvassers. You‚Äôll travel portions of your state building volunteer programs in target areas.</span></li>
<li class=""c3""><span class=""c2"">Organize volunteer-run ‚Äúdistributed‚Äù canvasses. Recruit, train, coach, and support volunteer canvass leaders to lead statewide canvassing days of action and to take responsibility for voter contacts in their region. They‚Äôll lead the canvasses, not you; you‚Äôll support them.</span></li>
<li class=""c3""><span class=""c2"">Manage and report data impeccably using NGP VAN.</span></li>
<li class=""c3""><span class=""c2"">Prepare canvassing turf with volunteers.</span></li>
<li class=""c3""><span class=""c2"">Identify, build relationships with, and seek collaboration with local and state allies, including campaign surrogates, community leaders, and other notables in the state.</span></li>
<li class=""c3""><span class=""c2"">Build community‚Äîthrough social events, visibility actions, and social media.</span></li>
<li class=""c3""><span class=""c2"">Use social media and earned media to recruit volunteers, promote events, and build narrative power.</span></li>
<li class=""c3""><span class=""c2"">Participate as a member of a state and national team, contributing to shared learning and mutual accountability.</span></li>
<li class=""c3""><span class=""c2"">Identify leaders and strategies for post-election issue advocacy and organizing.</span></li>
<li class=""c3""><span class=""c2"">Responsible for meeting all goals and deadlines.</span></li>
</ul><p><strong>Required Experience:</strong></p>
<ul><li class=""c3""><span class=""c2"">Proven track record of organizing and inspiring effective volunteer teams</span></li>
<li class=""c3""><span class=""c2"">Proven track record of leading effective trainings and organizing meetings</span></li>
<li class=""c3""><span class=""c2"">Experience with voter databases such as NGP VAN</span></li>
<li class=""c3""><span class=""c2"">Experience canvassing or leading canvasses</span></li>
<li class=""c3""><span class=""c2"">Comfort, experience with, or eagerness to learn technology-based organizing tools such as Hustle, Zoom, Organizer, and ActionKit</span></li>
<li class=""c3""><span class=""c2"">Valid driver‚Äôs license, car insurance, and clean driving record</span><span class=""c2""><br /></span></li>
</ul><p><strong>Skills, Characteristics, and Values:</strong></p>
<ul><li class=""c3""><span class=""c2"">Acts with high integrity, professionalism, low ego, and camaraderie</span></li>
<li class=""c3""><span class=""c2"">Attention to detail</span></li>
<li class=""c3""><span class=""c2"">Commitment to recruiting diverse leadership and making visible the leadership of people most impacted by Trump‚Äôs campaign of bigotry</span></li>
<li class=""c3""><span class=""c2"">Able to adapt to rapidly changing environment</span></li>
<li class=""c3""><span class=""c2"">Self-motivated, driven, able to work nights, weekends, and long hours, and able to maintain work-life balance. We take a healthy workplace seriously and can accommodate flexible daytime schedules when evening work is required.</span></li>
<li class=""c3""><span class=""c2"">Bilingual a plus</span><span class=""c2""><br /></span></li>
</ul><p><strong>Location</strong><span class=""c2"">: Positions in Arizona, Colorado, Florida, Iowa, Nevada, New Hampshire, North Carolina, Ohio, Pennsylvania, Virginia</span></p>
<p><strong>Reports to:</strong> <span class=""c2"">State Director<br /></span></p>
<p><strong>Classification, Salary, and Benefits:</strong> <span class=""c2"">Full-time; highly competitive salary including benefits such as 100%-employer-paid premiums for medical, dental, and vision insurance for all staff and their children; employer-paid premiums for life insurance for all staff; 13.32 hours accrued vacation per month, 6.66 hours accrued sick leave per month; and reimbursement of home office expenses.</span> <span class=""c2""><br /></span></p>
<p><span class=""c2"">To Apply:</span> <a href=""http://redirect.viglink.com?key=11fe087258b6fc0532a5ccfc924805c0&amp;u=https%3A%2F%2Fdocs.google.com%2Fforms%2Fd%2Fe%2F1FAIpQLSd0ArBeoOK1KW2zALEpPiq-nFzC3VJAus7piqGPT2SNZUyBoQ%2Fviewform""><span class=""c2"">Click here</span> <span class=""c2"">to submit your application, resume, and cover letter. Apply by Monday, August 8, at 5 p.m. ET. Candidates will be reviewed on a rolling basis. Apply ASAP for consideration.</span></a></p>
<p><em><span class=""c2"">MoveOn.org Civic Action and MoveOn.org Political Action provide equal employment opportunities (EEO) to all employees and applicants for employment without regard to race, color, religion, gender, sexual orientation, gender identity or expression, national origin, age, disability, genetic information, marital status, amnesty, or status as a covered veteran, in accordance with applicable federal, state, and local laws.</span></em></p>


<p class=""byline"">This post was produced and paid for by <span class=""org-name"">MoveOn.org Political Action</span>.</p>

</div><img border=""0"" height=""1"" src=""http://pixel.quantserve.com/pixel/p-89EKCgBk8MZdE.gif"" width=""1"" />",http://front.moveon.org/moveon-is-hiring-organizers-to-stop-trump-apply-now/,0.19
"Mon, 25 Jul 2016 21:56:18 +0000",MoveOn's Statement on Tonight's Democratic National Convention,"<div>


<p><strong>MoveOn.org Political Action Executive Director Ilya Sheyman offered the following comment in advance of¬†<span class=""aBn aQJ"" tabindex=""0"">tonight‚Äôs</span> Democratic National Convention speeches:</strong></p>

<blockquote>
<p><em>‚Äú<span class=""gmail-aBn gmail-aQJ"" tabindex=""0"">Tonight</span>¬†voters across the country will hear from some of the leading progressive voices in the Democratic Party ‚Äî Senators Bernie Sanders and Elizabeth Warren. These voices ‚Äì and their vision for a progressive America ‚Äì have inspired millions of voters, helped create the most progressive party platform in Democratic history, and brought about real change at all levels of government. And tonight, they‚Äôll come before thousands of delegates and millions of Americans to share the progressive vision for the country and help unite the Democratic Party around a common goal: to stand up against Donald Trump‚Äôs hate and division and ensure he never steps foot in the White House. MoveOn and our members are proud of the work we‚Äôve done to advance the Sanders/Warren agenda, and¬†<span class=""gmail-aBn gmail-aQJ"" tabindex=""0"">tonight‚Äôs</span>¬†DNC program is a testament to the role progressives have played in shaping the Democratic Party.¬†</em><em>The vision that Senators Warren and Sanders will share tonight ‚Äî which Secretary Clinton has largely embraced ‚Äî is not the future of the Democratic Party, it is the present and will be key to winning in November.‚Äù</em></p>
</blockquote>


<p class=""byline"">This post was produced and paid for by <span class=""org-name"">MoveOn Civic Action</span>.</p>

</div><img border=""0"" height=""1"" src=""http://pixel.quantserve.com/pixel/p-89EKCgBk8MZdE.gif"" width=""1"" />",http://front.moveon.org/moveons-statement-on-tonights-democratic-national-convention/,0.19
"Sat, 23 Jul 2016 00:24:29 +0000","MoveOn.org Political Action Executive Director Ilya Sheyman Responds to Hillary Clinton's VP Pick, Tim Kaine","<div>
<p><strong>Statement¬†from Ilya Sheyman, executive director of MoveOn.org Political Action:</strong></p>
<p><strong>¬†</strong></p>
<p><span class=""im"">‚ÄúAfter a week of racist, bigoted, and misogynistic rhetoric coming from Cleveland, Hillary Clinton‚Äôs¬†</span>selection of Tim Kaine provides a contrast to the divisive message from the GOP. MoveOn, and our millions¬†of members, will continue working to stand up to Donald Trump‚Äôs hateful campaign and ensure he never steps foot in the White House. Together, we will defeat Donald Trump‚Äôs toxic campaign of hate and lay the groundwork for progress.‚Äù</p>
</div><p>This post was produced and paid for by <span class=""org-name"">MoveOn.org Political Action</span>.</p><img border=""0"" height=""1"" src=""http://pixel.quantserve.com/pixel/p-89EKCgBk8MZdE.gif"" width=""1"" />",http://front.moveon.org/moveon-org-political-action-executive-director-ilya-sheyman-responds-to-hillary-clintons-vp-pick-tim-kaine/,0.19
"Wed, 20 Jul 2016 03:36:42 +0000",Ohioans respond to the RNC with #OhioAgainstHate,"<div id="""">
<p>[<a href=""http://redirect.viglink.com?key=11fe087258b6fc0532a5ccfc924805c0&amp;u=http%3A%2F%2Fstorify.com%2FMoveOn%2Fohioagainsthate"" target=""_blank"">View the story ‚Äú#OhioAgainstHate ‚Äù on Storify</a>]<br /></p>


<p>Storified by <a href=""http://redirect.viglink.com?key=11fe087258b6fc0532a5ccfc924805c0&amp;u=https%3A%2F%2Fstorify.com%2FMoveOn"">MoveOn.org</a>¬∑ Mon, Jul 18 2016 20:07:48</p>
<p>TODAY: Ohioans are going door-to-door to stand for love, unity, and decency in response to #RNCinCLE. #UnitedAgainstHate #OhioAgainstHateMoveOn.org</p>
<p>How did #OhioAgainstHate start? Local organizers in Ohio had a vision to build unity in response to #RNCinCLE. #UnitedAgainstHateMoveOn.org</p>
<p>Everyone wanted to be proactive in responding to the bigotry and hate going to be on display at #RNCinCLE. #UnitedAgainstHateMoveOn.org</p>
<p>Local organizers wanted to reach out and talk to neighbors about what‚Äôs at stake &amp; talk about the election on our own terms #OhioAgainstHateMoveOn.org</p>
<p>Five weeks ago, we officially launched #OhioAgainstHate with community leaders and organizers like Baldemar Vasquez. https://t.co/ExowjmR1CnMoveOn.org</p>
<p>After the launch, a strong team of organizers began to recruit for the action today! #UnitedAgainstHate https://t.co/tL00w8ZH8dMoveOn.org</p>
<p>Watch now to find out what‚Äôs going to be happening TODAY at #OhioAgainstHate. #UnitedAgainstHate https://t.co/UBlmHMT5V5MoveOn.org</p>
<p>Our first shift kicks off in Cleveland! #OhioAgainstHate #UnitedAgainstHate https://t.co/YFdM6eiZkLMoveOn.org</p>
<p>The MoveOn team at #OhioAgainstHate‚Äôs first shift of the day! We‚Äôre #UnitedAgainstHate in response to the #RNCinCLE. https://t.co/24AzftnwURMoveOn.org</p>
<p>#ohioagainsthate in action! Organizers put up lawn signs to let volunteers know where to meet. #unitedagainsthate https://t.co/zkYfYhAjVEMoveOn.org</p>
<p>#Ohio is ready to take on Trump‚Äôs hate! #ohioagainsthate #electionvoices https://t.co/Ub0XqziNdTMatt Hildreth</p>
<p>Canvassers prep in Youngstown, Ohio in response to #RNCinCLE! #UnitedAgainstHate #OhioAgainstHate https://t.co/ZIk0iaCOUgMoveOn.org</p>
<p>Former Ohio State Sen. @ninaturner explains why #OhioAgainstHate is important to Ohioans. #UnitedAgainstHate https://t.co/FazhRjHBxpMoveOn.org</p>
<p>Pastor Burns has a message for #OhioAgainstHate. #UnitedAgainstHate https://t.co/tgupiVWpVyMoveOn.org</p>
<p>One of our canvasser‚Äôs being interviewed about why she‚Äôs involved with #OhioAgainstHate. #UnitedAgainstHate https://t.co/ZSbPOeESYqMoveOn.org</p>
<p>Quite a few small business owners lent us their space for #OhioAgainstHate today! #UnitedAgainstHate https://t.co/v5WlCadau1MoveOn.org</p>
<p>Canvassers are out volunteering today despite the rain üëè #OhioAgainstHate #DoorstepConvention #UnitedAgainstHate https://t.co/fJJqjAj84jMoveOn.org</p>
<p>Two #OhioAgainstHate canvassers out speaking to neighbors right now. #UnitedAgainstHate #DoorstepConvention https://t.co/PiVEUXZ1dNMoveOn.org</p>
<p>Just got news that a first-time canvasser got her first pledge card signed today by a voter! This is why we do what we doüëè #OhioAgainstHateMoveOn.org</p>
<p>First time canvassers who are 19 (!) out and about canvassing for #OhioAgainstHate! üë≠#DoorstepConvention https://t.co/hi7f3ahWwqiram f. ali</p>
<p>Beth, a first-time canvasser &amp; Ohio MoveOn member, ended up canvassing her former student‚Äôs family! #OhioAgainstHate https://t.co/zUAsYJ3mziMoveOn.org</p>
<p>A team sets up for #OhioAgainstHate in Youngstown, Ohio. #UnitedAgainstHate https://t.co/86Ylu0vJhRMoveOn.org</p>
<p>We will ""deepen grassroots democracy over corporate power."" #OhioAgainstHate #UnitedAgainstHate https://t.co/mjLyo0nBoYMoveOn.org</p>
<p>When you‚Äôre ready to get out pledges for #OhioAgainstHate. üòé #unitedagainsthate https://t.co/xy5oTI6kDRMoveOn.org</p>
<p>Another local coffee shop that offered space to our canvassers to meet up. ‚òïÔ∏è #OhioAgainstHate #UnitedAgainstHate https://t.co/9VcgBf7tFtMoveOn.org</p>
<p>One of MoveOn‚Äôs National Field Organizer kicking off a canvass. https://t.co/KPIrkoiDBJiram f. ali</p>
<p>What can ordinary people accomplish? @NinaTurner letting us know. #ohioagainsthate #unitedagainsthate https://t.co/OSiuQoVUdqMoveOn.org</p>
<p>How would you feel if Donald Trump were elected president? Watch as a #OhioAgainstHate canvasser answers: https://t.co/rGxgF7I5aCMoveOn.org</p>
<p>Ohioans went door-to-door to speak to their neighbors about the importance of this election. #OhioAgainstHate https://t.co/zFCBeQ2WXoMoveOn.org</p>
<p>#OhioAgainstHate attracted first-time canvassers who went door-to-door to speak to voters &amp; plan on doing it again! https://t.co/KZlwNYpVJ1MoveOn.org</p>
<p>#OhioAgainstHate coordinator, Jerry Pe√±a, explains why the canvassing effort was necessary. https://t.co/uL2xH5avY6MoveOn.org</p>
<div>Yes we did! #OhioAgainstHate‚ö°Ô∏è ‚ÄúGrassroots activists in Ohio meet with voters ahead of the RNC‚Äù
<p>https://t.co/v0bnhtUewABrian Stewart</p>
</div>
</div><img border=""0"" height=""1"" src=""http://pixel.quantserve.com/pixel/p-89EKCgBk8MZdE.gif"" width=""1"" />",http://front.moveon.org/ohio-responds-to-the-rnc-with-ohioagaisthate/,0.19
"Fri, 15 Jul 2016 14:50:01 +0000",Massive Door-to-Door Campaign Against Trump‚Äôs Hate-Filled Agenda Kicks Off in Ohio Ahead of RNC,"<div>


<p><span class=""c1""><em>Thousands of voters will pledge nationwide to vote against Trump; Effort will reach thousands of Ohioans and voters in 16 states this week.</em></span></p>
<p><strong>CLEVELAND</strong> ‚Äì As Republicans prepare to nominate Donald Trump as their candidate for president, <strong>thousands of volunteers will embark on door-to-door canvasses in Ohio and 16 other states across the country this weekend asking voters to pledge to vote against hate and against Trump</strong>.</p>
<p>Hundreds of Ohioans are set to knock on thousands of doors beginning Saturday and continuing through the Republican National Convention as part of <strong>Ohio Against Hate</strong>, a local organizing effort coordinated by <strong>Ohio‚Äôs Good Jobs Strong Communities</strong> and <strong>MoveOn.org Political Action‚Äôs national United Against Hate</strong> effort to speak out and stand against Trump‚Äôs racist, hateful rhetoric and policies.</p>
<p>The door-to-door campaign will reach out to Ohioans from dozens of canvass locations, including in Cleveland, Cincinnati, Dayton, Youngstown, Toledo, and Akron, among others.</p>
<p>In collaboration with the Ohio Against Hate campaign, progressive organizations in 16 states and dozens of major cities are talking to voters on doorsteps this week as part of People‚Äôs Action‚Äôs National Doorstep Convention and similar efforts by the Center for Community Change Action.</p>
<p>‚ÄúThe National Doorstep Convention and Ohio Against Hate represent a historic push to expand the political revolution,‚Äù said <strong>MoveOn.org Campaign Director Victoria Kaplan</strong>. ‚ÄúTogether we will combat the hatred and divisive politics of Trump, build multiracial support for economic and racial justice, and deepen grassroots democracy over corporate power.‚Äù</p>
<p>*** <strong>Interested in a local canvass?</strong> Email <a href=""http://redirect.viglink.com?key=11fe087258b6fc0532a5ccfc924805c0&amp;u=mailto%3Apress%40moveon.org"">press@moveon.org</a>. ***<br />*** <strong>See a copy of the pledge card Ohio voters will sign:</strong> <a href=""http://redirect.viglink.com?key=11fe087258b6fc0532a5ccfc924805c0&amp;u=http%3A%2F%2Fbit.ly%2F29KwCLC"">http://bit.ly/29KwCLC</a> ***</p>
<p>The National Doorstep Convention door-to-door canvassing will also take place in: Iowa, Maine, Maryland, Massachusetts, Michigan, Minnesota, New Hampshire, New Jersey, Nevada, New York, Pennsylvania, Tennessee, Vermont, Washington, and Wisconsin.</p>
<p>‚ÄúOhioans reject Trump‚Äôs agenda, his hateful rhetoric and his effort to divide and malign what our country represents,‚Äù said <strong>Jerry Pena, Ohio Against Hate coordinator</strong>. ‚ÄúAfter the tremendous suffering Americans have endured in the past week and so many of the other challenges facing our country, we need someone whose leadership will heal and unite us, not a man like Trump who will wound and divide us. That‚Äôs the message we‚Äôll be delivering this weekend to thousand of voters.‚Äù</p>
<p>The effort is bringing together local advocacy groups, progressive organizations, and leading voices.</p>
<p>‚ÄúI joined the effort because I know Ohioans reject being divided by race, class, or religion,‚Äù said <strong>former Ohio State Senator Nina Turner</strong>. ‚ÄúOn the eve of the Republican National Convention in Cleveland, I am joining hundreds of volunteers to spread a message of hope and diversity, as opposed to the dark and cynical agenda Donald Trump is peddling.‚Äù</p>
<p>The nationwide canvassing effort builds on a growing coalition of progressive groups organizing major voter contact efforts to defeat Trump.</p>
<p>‚ÄúDonald Trump‚Äôs candidacy is a threat to the America we love, and we must respond to him and what he is stoking as such‚Äîwith a nonviolent movement grounded in love and community that ensures that he never comes anywhere near the White House, and perhaps even more importantly, makes clear to every other politician and every person in the United States that racist demagoguery is a dead-end political strategy that most Americans reject,‚Äù wrote progressive leaders in a <a href=""http://redirect.viglink.com?key=11fe087258b6fc0532a5ccfc924805c0&amp;u=https%3A%2F%2Fmedium.com%2F%40MoveOn.org%2Fopen-letter-we-need-a-voting-renaissance-mass-nonviolent-mobilization-to-stand-up-to-trump-s-d065f2bd09cd"">five-alarm fire letter</a> earlier this year.</p>
<p>Ohio Against Hate is a project of Ohio‚Äôs Good Jobs Strong Communities and MoveOn.org Political Action that is uniting Ohioans to stand up to hate, bigotry, and division in our communities and at the voting booth.</p>
<p>MoveOn.org Political Action is running a multimillion-dollar United Against Hate campaign to keep the presumptive Republican nominee, Donald Trump, out of the White House and to ensure the country rejects his hateful and dangerous rhetoric.</p>
<p># # #</p>


<p class=""byline"">This post was produced and paid for by <span class=""org-name"">MoveOn.org Political Action</span>.</p>

</div><img border=""0"" height=""1"" src=""http://pixel.quantserve.com/pixel/p-89EKCgBk8MZdE.gif"" width=""1"" />",http://front.moveon.org/massive-door-to-door-campaign-against-trumps-hate-filled-agenda-kicks-off-in-ohio-ahead-of-rnc/,0.19
"Thu, 14 Jul 2016 18:25:09 +0000","With Pence Pick, Trump Is Doubling Down on Divisive, Dehumanizing Politics","<div>


<p><strong>Statement from Ilya Sheyman, executive director of MoveOn.org Political Action, on news that Donald Trump intends to pick Governor Mike Pence as his running mate:</strong></p>
<p class=""c1""><em>‚ÄúIf Trump picks extreme right-wing Governor Mike Pence as his running mate, he will be doubling down on his divisive and hate-filled approach to politics.</em></p>
<p class=""c1""><em>‚ÄúLike Trump, Pence has a long record of trying to turn Americans against each other. As governor, Pence has pushed laws making it legal to discriminate against LGBTQ people, tried to keep nonprofits in his state from helping to resettle Syrian refugee families, and signed one of the worst laws in the country taking away women‚Äôs access to reproductive healthcare.</em></p>
<p class=""c1""><em>‚ÄúInstead of uniting people, Pence has intentionally pitted his state‚Äôs communities against each other ‚Äî he‚Äôs a divider, not a uniter, just like Trump, and that should be scary for all Americans.‚Äù</em></p>


<p class=""byline"">This post was produced and paid for by <span class=""org-name"">MoveOn.org Political Action</span>.</p>

</div><img border=""0"" height=""1"" src=""http://pixel.quantserve.com/pixel/p-89EKCgBk8MZdE.gif"" width=""1"" />",http://front.moveon.org/pence-vp/,0.19
"Sun, 31 Jul 2016 17:36:46 GMT",Mother of US Muslim soldier hits back at Trump over speech silence,The mother of a dead US Muslim soldier hits back at presidential hopeful Donald Trump for questioning her silence during a speech by her husband.,http://www.bbc.co.uk/news/election-us-2016-36936692,0.22
"Sun, 31 Jul 2016 17:38:30 GMT","Triple-lock pension guarantee stands, says Downing Street","There are no plans to end the current pensions guarantee known as the ""triple lock"", the government says, after a call for it to be abolished.",http://www.bbc.co.uk/news/business-36937107,0.22
"Sun, 31 Jul 2016 13:35:27 GMT",France church attack: Muslims attend Mass,Muslims across France attend Catholic Mass in a gesture of solidarity after the murder of a priest on Tuesday.,http://www.bbc.co.uk/news/world-europe-36936658,0.22
"Sun, 31 Jul 2016 17:36:18 GMT",UKIP hopeful Steven Woolfe misses leadership deadline,"MEP Steven Woolfe, seen as the frontrunner to succeed Nigel Farage as UKIP leader, misses the deadline for submitting his nomination - but says he is still a candidate.",http://www.bbc.co.uk/news/uk-politics-36937476,0.22
"Sun, 31 Jul 2016 10:51:31 GMT",Pope Francis says farewell to Poland with huge mass,"Hundreds of thousands of people attend a huge mass on Pope Francis' last day in Poland, as he urges them to ""believe in a new humanity"".",http://www.bbc.co.uk/news/world-europe-36935620,0.22
"Sun, 31 Jul 2016 11:43:46 GMT","Boy, 12, among three more held over Ashton-under-Lyne murder","A boy, 12, is among three further suspects held on suspicion of murder after a man was fatally injured on a street in Greater Manchester.",http://www.bbc.co.uk/news/uk-england-manchester-36936086,0.22
"Sun, 31 Jul 2016 11:32:21 GMT",Saatchi boss Kevin Roberts disciplined over gender comments,"The chairman of advertising agency Saatchi and Saatchi, Kevin Roberts, is put on leave for saying the debate on gender bias in the industry is ""all over"".",http://www.bbc.co.uk/news/business-36935362,0.22
"Sun, 31 Jul 2016 10:54:31 GMT","Terror attack on UK 'when, not if' - Sir Bernard Hogan-Howe","A terror attack on the UK is highly likely and a case of ""when, not if"", the commissioner of the Metropolitan Police Sir Bernard Hogan-Howe says.",http://www.bbc.co.uk/news/uk-36935585,0.22
"Sun, 31 Jul 2016 12:13:08 GMT",Modern slavery: Theresa May vows to defeat 'evil',"Modern slavery is the great human rights issue of our time, Theresa May says as she pledges to put Britain at the forefront of defeating the ""evil"".",http://www.bbc.co.uk/news/uk-36934853,0.22
"Sun, 31 Jul 2016 10:21:21 GMT",Multiple victims in Texas shootings,"One person is dead and four others are in hospital after two separate shooting incidents in the Texan city of Austin, police say.",http://www.bbc.co.uk/news/world-us-canada-36935365,0.22
"Sun, 31 Jul 2016 18:12:47 GMT",RideLondon-Surrey: Two riders hurt in separate crashes,"Two riders are injured, one seriously, in separate crashes during the RideLondon-Surrey cycle race.",http://www.bbc.co.uk/news/uk-england-surrey-36935984,0.22
"Sun, 31 Jul 2016 10:58:07 GMT",Dead Muslim soldier's parents row with Donald Trump,"Donald Trump has hit back at a dead Muslim soldier's parents who criticised him, ABC's Mary Bruce reports.",http://www.bbc.co.uk/news/world-us-canada-36936192,0.22
"Sun, 31 Jul 2016 07:40:02 GMT","Jumping from 25,000ft with no parachute","US skydiver Luke Aikins has become the first person to jump from 25,000 ft (7,620m) without a parachute, landing safely in a net.",http://www.bbc.co.uk/news/world-us-canada-36935234,0.22
"Sun, 31 Jul 2016 16:34:24 GMT",France churches host Muslims for Mass in show of solidarity,Muslims across France have attended Catholic Mass in a gesture of solidarity after the murder of a priest on Tuesday.,http://www.bbc.co.uk/news/world-europe-36937628,0.22
"Sun, 31 Jul 2016 08:39:59 GMT",Diver Tom Daley eyes Olympic gold in Rio de Janeiro,"Team GB diver Tom Daley speaks to the BBC about his quest to win gold at the 2016 Olympic Games in Rio de Janeiro, Brazil.",http://www.bbc.co.uk/news/uk-36935235,0.22
"Sun, 31 Jul 2016 07:47:39 GMT",Walking faster than others can run,"Race walking is certainly one of the more unusual sports that you will see at next week's Rio Olympics, where the top athletes will reach speeds of around 10 miles an hour.",http://www.bbc.co.uk/news/science-environment-36935233,0.22
"Sun, 31 Jul 2016 03:15:13 GMT",Harry Potter play script enchants fans,Harry Potter fans gather at bookshops across the country for the release of latest instalment in the series.,http://www.bbc.co.uk/news/entertainment-arts-36934824,0.22
"Sun, 31 Jul 2016 06:03:12 GMT",Game on: A history of video games,An exhibition at the Science Museum looks at the history of computer games.,http://www.bbc.co.uk/news/entertainment-arts-36934819,0.22
"Sat, 30 Jul 2016 23:39:25 GMT",CEO Secrets: Reddit boss shares three tips for success,"Steve Huffman, co-founder and chief executive of Reddit, offers the business advice he wishes he had been given before he started out, for the BBC News series CEO Secrets.",http://www.bbc.co.uk/news/business-36905093,0.22
"Wed, 16 Mar 2016 12:34:37 GMT",BBC News Channel,"Britain's most-watched news channel, delivering breaking news and analysis all day, every day.",http://www.bbc.co.uk/news/10318089,0.22
"Sat, 30 Jul 2016 23:34:39 GMT",Game of Thrones to end after season eight in 2018,"Game of Thrones - the record-breaking fantasy drama TV series - will end after its eighth season, American broadcaster HBO confirms.",http://www.bbc.co.uk/news/entertainment-arts-36934888,0.22
"Sun, 31 Jul 2016 09:49:50 GMT",Dartmoor Lynx recaptured after three weeks on run,A lynx that escaped from Dartmoor Zoo in Devon is captured after more than three weeks on the run.,http://www.bbc.co.uk/news/uk-england-devon-36935424,0.22
"Sun, 31 Jul 2016 10:09:37 GMT",Jack White record label plays vinyl record in space,"It floated upwards on a balloon for 80 minutes and got to over 28,000 metres before playing.",http://www.bbc.co.uk/newsbeat/articles/36935867,0.22
"Fri, 29 Jul 2016 23:41:27 GMT",Mariko Oi: Tokyo's ill-tempered election,"Tokyo is preparing to vote for its next governor, one of the biggest jobs in Japan, but the campaign has been marred by insults and allegations of sexism.",http://www.bbc.co.uk/news/world-asia-36901335,0.22
"Sat, 30 Jul 2016 01:18:36 GMT",Premiers past: What now for Cameron?,What they did next - the futures of prime ministers past,http://www.bbc.co.uk/news/uk-politics-36905929,0.22
"Fri, 29 Jul 2016 20:38:24 GMT",Testing times for Europe's banks,"The results of European bank ""stress tests"" have been announced, with the aim of establishing how well the banks could cope with a new financial shock.",http://www.bbc.co.uk/news/business-36898619,0.22
"Fri, 29 Jul 2016 10:37:43 GMT",Hinkley Point: What is it and why is it important?,Hinkley Point: What is it and why is it important?,http://www.bbc.co.uk/news/business-36897180,0.22
"Fri, 29 Jul 2016 23:45:27 GMT",Week in pictures: 23-29 July 2016,"A selection of the best news photographs from around the world, taken over the past week.",http://www.bbc.co.uk/news/in-pictures-36922777,0.22
"Fri, 29 Jul 2016 23:41:52 GMT",Entertainment week,"A look at some of the events over the past week, including Michael Keaton receiving a Hollywood star and the stars of Doctor Who taking a selfie.",http://www.bbc.co.uk/news/entertainment-arts-36881931,0.22
"Thu, 28 Jul 2016 00:37:20 GMT",The beauty of the skies,A selection of some of the images shortlisted in the Insight Astronomy Photographer of the Year 2016 contest.,http://www.bbc.co.uk/news/in-pictures-36907268,0.22
"Fri, 29 Jul 2016 10:48:40 GMT",Africa's top shots: 22-28 July 2016,A selection of the best photos from across Africa this week.,http://www.bbc.co.uk/news/world-africa-36914889,0.22
"Mon, 25 Jul 2016 11:34:04 GMT",Higher ground,Pictures of wild elephants fleeing a flood-hit national park in the Indian state of Assam.,http://www.bbc.co.uk/news/world-asia-india-36884172,0.22
"Sun, 31 Jul 2016 13:38:13 GMT",Lewis Hamilton takes fourth win in a row,Lewis Hamilton dominates the German Grand Prix to move into a 19-point lead in the championship over Mercedes team-mate Nico Rosberg.,http://www.bbc.co.uk/sport/formula1/36936284,0.22
"Sun, 31 Jul 2016 18:29:08 GMT",Women's British Open: Ariya Jutanugarn becomes Thailand's first major winner,Ariya Jutanugarn becomes Thailand's first major champion as she wins the Women's British Open by three shots at Woburn.,http://www.bbc.co.uk/sport/golf/36937455,0.22
"Sun, 31 Jul 2016 15:56:16 GMT",Chris Froome says Rio 2016 Olympics are a 'big deal',"Three-time Tour de France winner Chris Froome says he's ""extremely motivated"" for the Rio 2016 Olympics, with a ""realistic chance"" of a medal in the individual time-trial event.",http://www.bbc.co.uk/sport/cycling/36937431,0.22
"Sun, 31 Jul 2016 15:54:42 GMT",Scottish League Cup: Dundee United 2-0 Dunfermline Athletic,Dundee United seal their place in the last 16 of the League Cup with victory over Dunfermline.,http://www.bbc.co.uk/sport/football/36877209,0.22
"Sun, 31 Jul 2016 01:38:19 GMT",How did I do?,"As Mike Lambert's daughter turns 21, he asks if his blindness affected her when growing up",http://www.bbc.co.uk/news/disability-36474810,0.22
"Sun, 31 Jul 2016 01:41:56 GMT",Liver attack,"When Allan Little began to feel ill, he knew almost immediately what it was - Lyme Disease. But getting a medical diagnosis - and treatment - took a lot longer.",http://www.bbc.co.uk/news/magazine-36923336,0.22
"Fri, 29 Jul 2016 08:11:38 GMT",Your pictures,"Each week, we publish a gallery of readers' pictures on a set theme. This week, we asked for your pictures on the theme of ""summer"".",http://www.bbc.co.uk/news/in-pictures-36907398,0.22
"Mon, 25 Jul 2016 09:10:10 GMT",20-year mystery,"Twenty years after a 16-year-old boy vanished on a night out in Cowes on the Isle of Wight, the BBC has spent months reinvestigating the case.",http://www.bbc.co.uk/news/magazine-36865349,0.22
"Fri, 29 Jul 2016 15:39:32 GMT",10 Things,The most heavy metal word in the English language and other news nuggets.,http://www.bbc.co.uk/news/magazine-36923220,0.22
"Sun, 31 Jul 2016 01:33:35 GMT",Cheesy pioneer,A new exhibition marking 300 years since the birth of canal pioneer James Brindley has opened. How did his work transform the English landscape and unlock a new era in the Industrial Revolution?,http://www.bbc.co.uk/news/uk-england-36912826,0.22
"Fri, 29 Jul 2016 23:15:02 GMT",Rape case,"A High Court judge has said a police force was wrong not to reinstate a former detective wrongly jailed for raping a woman in 2011. His wife told BBC News how her family won a five-year, ¬£150,000 battle to clear his name.",http://www.bbc.co.uk/news/uk-england-nottinghamshire-36905618,0.22
"Sat, 30 Jul 2016 00:55:37 GMT",#WhatIt'sReallyLike,Young women with type 1 diabetes talk about the misunderstanding around the disease.,http://www.bbc.co.uk/news/health-36924362,0.22
"Sun, 31 Jul 2016 00:36:37 +0000",How Entangled with Russia Is Trump?,"Excerpt from National Review By George Will To gauge the opportunism and hypocrisy that define Donald Trump‚Äôs Republican party, consider this: Imagine the scalding rhetoric that would have boiled from [&#8230;]",http://www.glennbeck.com/2016/07/30/how-entangled-with-russia-is-trump/,0.98
"Sun, 31 Jul 2016 00:15:58 +0000","My God, She‚Äôs Running as Hillary Clinton","Excerpt from National Review By Jonah Goldberg Last night‚Äôs Democratic convention was a brilliantly scripted run-on sentence. A stationary parade of speakers built layer upon layer of emotion, patriotism, and [&#8230;]",http://www.glennbeck.com/2016/07/30/my-god-shes-running-as-hillary-clinton/,0.98
"Sat, 30 Jul 2016 13:36:46 +0000","Check Out the Glaring, Raging Hypocrisy of Open-borders Dems","Excerpt from Conservative Review By Michelle Malkin Is there anything more transparent than the hypocrisy of open-borders Democrats? Seriously, if liberal double-dealing were any more see-through, it would be a [&#8230;]",http://www.glennbeck.com/2016/07/30/check-out-the-glaring-raging-hypocrisy-of-open-borders-dems/,0.98
"Sat, 30 Jul 2016 13:27:21 +0000","No, the Constitution Does Not Bar ‚ÄòReligious Tests‚Äô in Immigration Law",Excerpt from National Review By Andrew C. McCarthy Properly vetting would-be immigrants‚Äô religious beliefs is not only legal ‚Äî it would be wise and prudent. Of all the ignorant pronouncements [&#8230;],http://www.glennbeck.com/2016/07/30/no-the-constitution-does-not-bar-religious-tests-in-immigration-law/,0.98
"Sat, 30 Jul 2016 13:23:15 +0000","Wake Up, Christians. There Is No Place For You In The Democrat Party.","Excerpt from TheBlaze By Matt Walsh This week I‚Äôve received many emails echoing the sentiments expressed by my friend Lana: Dear Matt, I‚Äôve seen you write a few times this [&#8230;]",http://www.glennbeck.com/2016/07/30/wake-up-christians-there-is-no-place-for-you-in-the-democrat-party/,0.98
"Sat, 30 Jul 2016 13:13:25 +0000",The One Thing I Trust About Donald Trump,"Excerpt from The Resurgent By Erick Erickson Donald Trump says Republicans have no choice except to vote for him. &#8220;If you really like Donald Trump, that‚Äôs great, but if you [&#8230;]",http://www.glennbeck.com/2016/07/30/the-one-thing-i-trust-about-donald-trump/,0.98
"Fri, 29 Jul 2016 21:41:08 +0000",Message to the GOP: You Don‚Äôt Know Your Ass From Your Elbow,"Editor‚Äôs Note: The following article is based on Glenn‚Äôs monologue from The Glenn Beck Program, delivered Friday, July 29, 2016. I want to give you my review of the Democratic [&#8230;]",http://www.glennbeck.com/2016/07/29/message-to-the-gop-you-dont-know-your-ass-from-your-elbow/,0.98
"Fri, 29 Jul 2016 18:51:56 +0000",‚ÄòMan of the People‚Äô Bernie Sanders Makes Deal With the DNC,An internal memo leaked to BuzzFeed revealed that former presidential candidate Bernie Sanders made a very specific demand in return for his participation at the Democratic National Convention and any [&#8230;],http://www.glennbeck.com/2016/07/29/man-of-the-people-bernie-sanders-makes-deal-with-the-dnc/,0.98
"Fri, 29 Jul 2016 17:58:37 +0000",Melania Trump‚Äôs Website Has Been Curiously Scrubbed Amid Questions About Her Degree,"Excerpt from Uproxx By Phoenix Tso On the first night of the Republican National Convention last week, Melania Trump attempted to humanize her husband, Donald Trump, with a speech that [&#8230;]",http://www.glennbeck.com/2016/07/29/melania-trumps-website-has-been-curiously-scrubbed-amid-questions-about-her-degree/,0.98
"Fri, 29 Jul 2016 17:18:54 +0000",Progressive Liars Part IV: Woodrow Wilson,"Glenn has warned about progressivism for more than a decade. So what is progressivism and who are progressives? This 12-part series explores those questions, backed up with research and facts [&#8230;]",http://www.glennbeck.com/2016/07/29/progressive-liars-part-iv-woodrow-wilson/,0.98
"Sat, 30 Jul 2016 18:25:21 EDT",Columbia attorney remembers Hillary Clinton‚Äôs work for SC children,"As a young lawyer just four years out of University of South Carolina Law School, Herbert Buhl III wanted to help people. So he started working part time, often for &#8230; <a href=""http://www.thestate.com/news/politics-government/politics-columns-blogs/article92848387.html#storylink=rss"">Click to Continue &raquo;</a>",http://www.thestate.com/news/politics-government/politics-columns-blogs/article92848387.html#storylink=rss,0.94
"Sat, 30 Jul 2016 20:55:33 EDT",Koch political network plans to invoke Hillary Clinton in Senate ads,"The Koch political network, which has steadfastly refused to engage in the 2016 presidential contest, plans to invoke Democratic presidential nominee Hillary Clinton in paid messages to voters as part &#8230; <a href=""http://www.thestate.com/news/politics-government/article92872537.html#storylink=rss"">Click to Continue &raquo;</a>",http://www.thestate.com/news/politics-government/article92872537.html#storylink=rss,0.94
"Sat, 30 Jul 2016 22:48:26 EDT",Trump disparages Muslim family of fallen U.S. soldier,"Republican presidential candidate Donald Trump rhetorically attacked the Muslim American parents who appeared at the Democratic National Convention last week and criticized him while telling the story of their son, &#8230; <a href=""http://www.thestate.com/news/politics-government/article92886682.html#storylink=rss"">Click to Continue &raquo;</a>",http://www.thestate.com/news/politics-government/article92886682.html#storylink=rss,0.94
"Sat, 30 Jul 2016 21:11:52 EDT","On an ominous map for Trump, three states he has to take","Donald Trump, confronting a daunting electoral map and a significant financial disadvantage, is preparing to fall back from an expansive national campaign and concentrate the bulk of his time and &#8230; <a href=""http://www.thestate.com/news/politics-government/politics-columns-blogs/the-buzz/article92875852.html#storylink=rss"">Click to Continue &raquo;</a>",http://www.thestate.com/news/politics-government/politics-columns-blogs/the-buzz/article92875852.html#storylink=rss,0.94
"Sat, 30 Jul 2016 09:58:36 EDT","Trump accuses Clinton of trying to ‚Äòrig‚Äô debates, scheduled 10 months ago","Donald Trump is accusing Hillary Clinton and the Democrats of trying to stifle viewership for the presidential debates by scheduling them during NFL games this fall. But the three presidential &#8230; <a href=""http://www.thestate.com/news/politics-government/election/article92793802.html#storylink=rss"">Click to Continue &raquo;</a>",http://www.thestate.com/news/politics-government/election/article92793802.html#storylink=rss,0.94
"Sat, 30 Jul 2016 20:19:36 EDT",Presidents already have the power to do much of what Trump has proposed,"Donald Trump has promised not only to be the voice of the American people, but also to take decisive, immediate action. As president, he has said he would move fast &#8230; <a href=""http://www.thestate.com/news/politics-government/article92867247.html#storylink=rss"">Click to Continue &raquo;</a>",http://www.thestate.com/news/politics-government/article92867247.html#storylink=rss,0.94
"Fri, 29 Jul 2016 18:26:01 EDT",Donald Trump speech beats Hillary Clinton in TV viewership,"<p>Donald Trump pulled off the upset &mdash; at least in television popularity.</p> &#8230; <a href=""http://www.thestate.com/entertainment/celebrities/article92671027.html#storylink=rss"">Click to Continue &raquo;</a>",http://www.thestate.com/entertainment/celebrities/article92671027.html#storylink=rss,0.94
"Fri, 29 Jul 2016 19:41:25 EDT",First U.S. cases of mosquito-transmitted Zika sharpen debate in Congress,"Democratic lawmakers from Florida and beyond Friday demanded that Republican leaders call Congress into emergency session from its summer break to approve long-stalled Zika funding. Even with the House and &#8230; <a href=""http://www.thestate.com/news/politics-government/article92723072.html#storylink=rss"">Click to Continue &raquo;</a>",http://www.thestate.com/news/politics-government/article92723072.html#storylink=rss,0.94
"Fri, 29 Jul 2016 19:46:04 EDT",Court blocks 'discriminatory' North Carolina voter ID law,"<p>A federal appeals court on Friday blocked a North Carolina law that required voters to produce photo identification and follow other rules disproportionately affecting minorities, finding that the law was intended to make it harder for blacks to vote in the presidential battleground state.</p> &#8230; <a href=""http://www.thestate.com/news/politics-government/article92597462.html#storylink=rss"">Click to Continue &raquo;</a>",http://www.thestate.com/news/politics-government/article92597462.html#storylink=rss,0.94
"Fri, 29 Jul 2016 17:03:22 EDT","Clinton charges out of convention, into battle with Trump","Hillary Clinton charged out of her history-making convention Friday, boosted by caffeine, joined by both running mate Tim Kaine and former President Bill Clinton at her side, and signaling a &#8230; <a href=""http://www.thestate.com/news/politics-government/article92670017.html#storylink=rss"">Click to Continue &raquo;</a>",http://www.thestate.com/news/politics-government/article92670017.html#storylink=rss,0.94
"Fri, 29 Jul 2016 00:41:01 EDT",AP FACT CHECK: Misfires in Hillary Clinton's speech,"In her speech accepting the Democratic nomination, Hillary Clinton wrongly implied Donald Trump has proposed banning Islam in America and sketched out a plan for defeating Islamic State militants that &#8230; <a href=""http://www.thestate.com/news/politics-government/article92483247.html#storylink=rss"">Click to Continue &raquo;</a>",http://www.thestate.com/news/politics-government/article92483247.html#storylink=rss,0.94
"Fri, 29 Jul 2016 18:29:42 EDT",FBI probing possible hack of Clinton campaign; Russia reportedly suspected,"Hillary Clinton‚Äôs campaign was reportedly breached as part of a widepsread cyberattack on Democrats, Reuters reported Friday. Clinton is the latest casualty in a hack that targeted the Democratic National &#8230; <a href=""http://www.thestate.com/news/politics-government/election/article92699757.html#storylink=rss"">Click to Continue &raquo;</a>",http://www.thestate.com/news/politics-government/election/article92699757.html#storylink=rss,0.94
"Thu, 28 Jul 2016 20:02:35 EDT",Here's where Clinton's ‚Äòseveral thousand‚Äô emails went,"<p>Trump called for Russia&rsquo;s help in finding Hillary Clinton&rsquo;s email, but it may not be needed</p><p>FBI located &lsquo;several thousand&rsquo; Clinton emails during its investigation into her private server</p><p>Unknown when those emails will be made public; they are under review now</p> &#8230; <a href=""http://www.thestate.com/news/politics-government/article92481957.html#storylink=rss"">Click to Continue &raquo;</a>",http://www.thestate.com/news/politics-government/article92481957.html#storylink=rss,0.94
"Sun, 31 Jul 2016 14:06:27 EDT","Anti-debt crusader Rand Paul owes more than $300,000 in presidential campaign bills","Republican U.S. Sen. Rand Paul, a self-described fiscal conservative who calls debt ‚Äúthe greatest threat to our national security,‚Äù has more than $300,000 in unpaid bills from his failed presidential &#8230; <a href=""http://www.thestate.com/news/politics-government/article92936187.html#storylink=rss"">Click to Continue &raquo;</a>",http://www.thestate.com/news/politics-government/article92936187.html#storylink=rss,0.94
"Sun, 31 Jul 2016 12:16:45 EDT","Trump has ‚Äòa black soul,‚Äô Khizr Khan says","Donald Trump has ‚Äúa black soul...totally unfit for the leadership of this beautiful country,‚Äù Khizr Khan charged Sunday. The father of Army Capt. Humayun Khan had given an emotional seven-minute &#8230; <a href=""http://www.thestate.com/news/politics-government/election/article92928872.html#storylink=rss"">Click to Continue &raquo;</a>",http://www.thestate.com/news/politics-government/election/article92928872.html#storylink=rss,0.94
"Sun, 31 Jul 2016 11:13:25 EDT","Trump gets trapped in elevator, but firefighters come to the rescue","The Colorado Springs Fire Department says that Republican presidential nominee Donald Trump had to be rescued from an elevator that was stuck between the first and second floors of a &#8230; <a href=""http://www.thestate.com/news/politics-government/article92924012.html#storylink=rss"">Click to Continue &raquo;</a>",http://www.thestate.com/news/politics-government/article92924012.html#storylink=rss,0.94
"Sun, 31 Jul 2016 12:01:00 EDT","Women have come a long way, baby, but not in SC legislature","Young girls who watched Hillary Clinton‚Äôs historic nomination last week are growing up in a very different South Carolina than their mothers and grandmothers did. A female governor is running &#8230; <a href=""http://www.thestate.com/news/politics-government/article92631902.html#storylink=rss"">Click to Continue &raquo;</a>",http://www.thestate.com/news/politics-government/article92631902.html#storylink=rss,0.94
"Sun, 31 Jul 2016 14:36:01 EDT",Debate commission: Democrats didn't rig debate schedule,"<p>The NFL and the Commission on Presidential Debates rejected Republican Donald Trump's claim that Democrats rigged the debate schedule so that two of the three debates would occur during football games.</p> &#8230; <a href=""http://www.thestate.com/entertainment/celebrities/article92916027.html#storylink=rss"">Click to Continue &raquo;</a>",http://www.thestate.com/entertainment/celebrities/article92916027.html#storylink=rss,0.94
"Sun, 31 Jul 2016 13:56:03 EDT",Most Nevada sheriffs against gun background check initiative,"<p>Sheriffs in most Nevada counties have come out against a background check initiative that gun control advocates are supporting on the ballot this November, but the top cop in the largest police agency in the state says he'll sit this one out.</p> &#8230; <a href=""http://www.thestate.com/entertainment/celebrities/article92924287.html#storylink=rss"">Click to Continue &raquo;</a>",http://www.thestate.com/entertainment/celebrities/article92924287.html#storylink=rss,0.94
"Sun, 31 Jul 2016 13:56:01 EDT",The Latest: Clinton defends parents of fallen Muslim soldier,"<p>The Latest on the presidential campaign (all times local):</p> &#8230; <a href=""http://www.thestate.com/news/politics-government/national-politics/article92919217.html#storylink=rss"">Click to Continue &raquo;</a>",http://www.thestate.com/news/politics-government/national-politics/article92919217.html#storylink=rss,0.94
"Sun, 31 Jul 2016 13:46:01 EDT",Obama to cite progress on veterans' issues in Monday speech,"<p>In a valedictory address to veterans, President Barack Obama will argue that getting ex-military members the health care and benefits they've earned is a national promise that &quot;can't be broken.&quot; And he'll tout administration progress on reducing homelessness among veterans.</p> &#8230; <a href=""http://www.thestate.com/news/article92927412.html#storylink=rss"">Click to Continue &raquo;</a>",http://www.thestate.com/news/article92927412.html#storylink=rss,0.94
"Sun, 31 Jul 2016 13:31:00 EDT","Clinton: Trump repaid family of slain solider with ""insults""","<p>Hillary Clinton defended the bereaved parents of a Muslim U.S. Army captain, saying Donald Trump has a &quot;total misunderstanding&quot; of American values and has inflamed divisions in American society. Her comments came after the Republican nominee refused to back down from his criticism of the Gold Star parents' remarks.</p> &#8230; <a href=""http://www.thestate.com/news/politics-government/national-politics/article92915942.html#storylink=rss"">Click to Continue &raquo;</a>",http://www.thestate.com/news/politics-government/national-politics/article92915942.html#storylink=rss,0.94
"Sun, 31 Jul 2016 13:26:01 EDT",Bach defends IOC handling of Russian doping scandal,"<p>IOC President Thomas Bach on Sunday defended the committee's decision not to ban Russia's entire Olympic team and said the country's doping scandal will not damage the credibility of the Rio de Janeiro Games.</p> &#8230; <a href=""http://www.thestate.com/sports/olympics/article92934092.html#storylink=rss"">Click to Continue &raquo;</a>",http://www.thestate.com/sports/olympics/article92934092.html#storylink=rss,0.94
"Sun, 31 Jul 2016 13:11:02 EDT",The Latest: IOC president Bach says Rio gets Olympic funding,"<p>The Latest on the Rio Games (all times local to Rio de Janeiro):</p> &#8230; <a href=""http://www.thestate.com/news/business/national-business/article92926712.html#storylink=rss"">Click to Continue &raquo;</a>",http://www.thestate.com/news/business/national-business/article92926712.html#storylink=rss,0.94
"Sun, 31 Jul 2016 12:06:03 EDT",Trump backers claim shift in his immigration rhetoric,"<p>As he turns his attention to the general election, Donald Trump is signaling that he is ready to tone down his fiery rhetoric on illegal immigration &mdash; at least behind closed doors.</p> &#8230; <a href=""http://www.thestate.com/news/politics-government/national-politics/article92917797.html#storylink=rss"">Click to Continue &raquo;</a>",http://www.thestate.com/news/politics-government/national-politics/article92917797.html#storylink=rss,0.94
"Sun, 31 Jul 2016 11:41:02 EDT",Turkish soccer federation officials resign to aid coup probe,"<p>Turkey's soccer federation says all members of its committees have resigned to help the investigation into the movement of a U.S.-based cleric who the country's government says was behind the failed July 15 coup that left more than 200 people dead.</p> &#8230; <a href=""http://www.thestate.com/news/nation-world/world/article92919487.html#storylink=rss"">Click to Continue &raquo;</a>",http://www.thestate.com/news/nation-world/world/article92919487.html#storylink=rss,0.94
"Sat, 30 Jul 2016 22:56:04 EDT",Donald Trump rescued from stalled elevator in Colorado city,"<p>The Colorado Springs Fire Department says that Republican presidential nominee Donald Trump had to be rescued from an elevator that was stuck between the first and second floors of a resort.</p> &#8230; <a href=""http://www.thestate.com/news/politics-government/article92863772.html#storylink=rss"">Click to Continue &raquo;</a>",http://www.thestate.com/news/politics-government/article92863772.html#storylink=rss,0.94
"Sun, 31 Jul 2016 04:56:01 EDT",Koch network refusing to help Trump,"<p>From a luxury hotel on the edge of the Rocky Mountains, some of the nation's most powerful Republican donors are rebelling against Donald Trump.</p> &#8230; <a href=""http://www.thestate.com/news/politics-government/national-politics/article92915987.html#storylink=rss"">Click to Continue &raquo;</a>",http://www.thestate.com/news/politics-government/national-politics/article92915987.html#storylink=rss,0.94
"Sun, 31 Jul 2016 04:56:00 EDT",Pocket US Constitution becomes best-seller after speech,"<p>A pocket version of the U.S. Constitution has become a best-seller on Amazon.com.</p> &#8230; <a href=""http://www.thestate.com/news/politics-government/article92854262.html#storylink=rss"">Click to Continue &raquo;</a>",http://www.thestate.com/news/politics-government/article92854262.html#storylink=rss,0.94
"Sun, 31 Jul 2016 03:20:24 EDT",FAA had been warned of risk of high-fatality balloon crashes,"<p>Warning about potential high-fatality accidents, safety investigators recommended two years ago that the Federal Aviation Administration impose greater oversight on commercial hot air balloon operators, government documents show. The FAA rejected those recommendations.</p> &#8230; <a href=""http://www.thestate.com/news/politics-government/national-politics/article92915982.html#storylink=rss"">Click to Continue &raquo;</a>",http://www.thestate.com/news/politics-government/national-politics/article92915982.html#storylink=rss,0.94
"Sun, 31 Jul 2016 08:22:57 -0500",Cleveland and Philly: A Tale of Two Cities,"PHILADELPHIA &ndash; After spending a week with Donald Trump and his dour band of 2016 Republicans, I wasn&rsquo;t sure it was safe to come here for the Democrats&rsquo; convention. Muslim terrorists might blow up my car before I could get out of Cleveland. Or Mexican gangbangers in the country illegally would carjack us before we made it to the Ohio state line.
Why risk driving on the Pennsylvania Turnpike anyway? &ldquo;Our roads and bridges are falling apart,&rdquo; Trump said in his convention acceptance speech. But we couldn&rsquo;t fly. He warned that &ldquo;our airports are in Third...",http://www.realclearpolitics.com/articles/2016/07/31/cleveland_and_philly_a_tale_of_two_cities_131382.html,0.93
"Sun, 31 Jul 2016 06:05:26 -0500",The Road to the White House,"PHILADELPHIA - Near Chambersburg, on the 437-mile trip over the Lincoln Highway, a man named Eric, 54, sat in a diner and told how politics has impacted his life in a way he never imagined.
&ldquo;I voted for Barack Obama in 2008 because I truly believed his inspirational vision for this country,&rdquo; he said. &ldquo;I really thought he was going to take us all together to the same place.
&ldquo;Losing my job wasn't Obama's fault &mdash; happened long before him.&rdquo;
By 2012, however, he realized Obama was not the change-agent he once thought. He also realized the economy was never going...",http://www.realclearpolitics.com/articles/2016/07/31/the_road_to_the_white_house_131381.html,0.93
"Sun, 31 Jul 2016 17:13:23 -0500",Presidential Transition Work Has Already Begun,"Hillary Clinton and Donald Trump, their parties&rsquo; nominations secured, are now out on the campaign trail boasting that they are well-equipped and highly prepared to step into the Oval Office next January 20 and run the country boldly and successfully.
 But are they? Probably not. 
Despite Clinton&rsquo;s four decades of service in government and politics at the highest levels, and Trump&rsquo;s extensive vitae as a business mogul and mega-dealmaker, the winner is going to need all the help he or she can get to be ready to govern on Day One. 
Staffs have to be recruited, vetted and...",http://www.realclearpolitics.com/articles/2016/07/31/presidential_transition_work_has_already_begun_131380.html,0.93
"Sun, 31 Jul 2016 16:41:39 -0500",How Race Relations Got Worse,"The election of Barack Obama was a unique moment in the long and complicated history of race relations in America. A huge symbolic barrier had collapsed. Never before was there so much optimism about escaping the grim clutches of the past. We had made a new start that would lead to new heights.
Hope was infectious. Most whites voted against Obama, but on the eve of his inauguration, 55 percent of whites, as well as 75 percent of blacks, thought his presidency would improve race relations. The profound symbolism of a black man in the nation's highest office could hardly be overstated.
""Even in...",http://www.realclearpolitics.com/articles/2016/07/31/how_race_relations_got_worse_131377.html,0.93
"Sun, 31 Jul 2016 16:07:26 -0500",A Tale of Three Conventions,"PHILADELPHIA -- The Democratic National Convention here was Broadway to the summer stock production that Republicans put on in Cleveland. The Democrats' show was polished and uplifting, while the grand spectacle Donald Trump had promised to produce was amateurish and angry.
     The chants of ""USA! USA!"" -- even if they were, at times, a device to drown out protests by Bernie Sanders' supporters -- and the impassioned  waving of flags, were more reminiscent of past Republican gatherings than the typical Democratic convention. You half expected Lee Greenwood, the country star omnipresent on...",http://www.realclearpolitics.com/articles/2016/07/31/a_tale_of_three_conventions_131374.html,0.93
"Sat, 30 Jul 2016 07:13:01 -0500",The Hillary Recession,"This economy may be perilously close to recession. That was the message of the second-quarter real GDP report and its meager 1.2 percent growth rate.
Over the past year, real GDP has slipped to a paltry 1.2 percent. Business investment continues to fall. Building and factory construction has dropped sharply. Productivity is flat. The profits recession is still in force.
And what's the Hillary Clinton plan? Tax us into prosperity.
In her own words at the DNC on Thursday night, this is the fix: ""Wall Street, corporations, and the super-rich are going to start paying their fair share of taxes.""...",http://www.realclearpolitics.com/articles/2016/07/30/the_hillary_recession_131379.html,0.93
"Fri, 29 Jul 2016 17:56:16 -0500",Bahrain&#039;s Little Known Democratic Move,"A court in Bahrain issued a verdict last month that was little-noticed outside of the country. But that action and others suggest that some nations in the Middle East and Gulf region are turning their backs, slowly but steadily, on extremism.
The Bahraini court shut down the al-Wefaq Islamic Society. Some have characterized al-Wefaq as an &ldquo;opposition&rdquo; party in Bahrain. This is not the whole truth. Since its inception in 2001 when Bahrain was taking its first steps toward democracy, al-Wefaq has opposed the creation of a Bahrain based on the pillars of pluralism, tolerance and...",http://www.realclearpolitics.com/articles/2016/07/29/bahrains_little_known_democratic_move_131378.html,0.93
"Fri, 29 Jul 2016 15:58:11 -0500",Philadelphia Vs. Cleveland: Divided We Stand,"Wednesday was the best night of Hillary Clinton's campaign. 
Joe Biden, Tim Kaine and Barack Obama testified to her greatness and goodness and readiness to be president. And all saw in the Republican Convention in Cleveland a festival of darkness and dystopia.
Nor is this unusual. For, as the saying goes, the ins ""point with pride,"" while the outs ""view with alarm."" 
Yet the clash of visions between Cleveland and Philadelphia is stark. We appear to be two separate and hostile peoples, living apart in two separate Americas. 
Obama's America is a country of all races, creeds, colors,...",http://www.realclearpolitics.com/articles/2016/07/29/philadelphia_vs_cleveland_divided_we_stand_131372.html,0.93
"Fri, 29 Jul 2016 15:55:40 -0500","If David Duke Won, Wouldn&#039;t Republicans Have to Vote for Him?","When David Duke announced last week that he would be running for Senate in Louisiana, GOP Chairman Reince Priebus swiftly sent out a tweet assuring America that the former Ku Klux Klan grand wizard's ""hateful bigotry [has] no place in the Republican Party &amp; the RNC will never support his candidacy under any circumstance.""
No major party should ever consider supporting a candidate with a long history of vile bigotry -- even if the candidate had a shot at winning the race. But the argument itself doesn't really mesh with what Priebus and others have been telling me this election cycle.
What if...",http://www.realclearpolitics.com/articles/2016/07/29/if_david_duke_won_wouldnt_republicans_have_to_vote_for_him_131371.html,0.93
"Fri, 29 Jul 2016 15:52:19 -0500",Clinton Takes the Fight to Trump,"PHILADELPHIA -- Charging that Donald Trump ""wants us to fear the future and fear each other,"" Hillary Clinton took him on with the most powerful line in her party's tradition.
     ""Well, a great Democratic president, Franklin Delano Roosevelt, came up with the perfect rebuke to Trump more than 80 years ago, during a much more perilous time: 'The only thing we have to fear is fear itself.'""
     Clad in white, the color of the women's suffrage movement, she noted her special role: that this convention marked ""the first time that a major party has nominated a woman for president."" It was, she...",http://www.realclearpolitics.com/articles/2016/07/29/clinton_takes_the_fight_to_trump_131370.html,0.93
"Fri, 29 Jul 2016 15:49:49 -0500",A Choice Between the Uninspiring and the Unfit,"WASHINGTON -- Hillary Clinton's convention week featured two of the most effective communicators in the Democratic Party offering different images of the nominee. In Bill Clinton's version, she is a ""change-maker"" who has ""never been satisfied with the status quo."" In Barack Obama's telling, she has the ""intelligence"" and ""judgment"" to carry forward his administration's ideals into a third term, because the status quo is pretty darn good.
     When the spotlight finally came, the nominee was very much herself -- a tenacious plodder, advocating half-a-loaf liberalism. This is closer to Obama's...",http://www.realclearpolitics.com/articles/2016/07/29/a_choice_between_the_uninspiring_and_the_unfit_131369.html,0.93
"Fri, 29 Jul 2016 15:43:37 -0500",The Democratic Convention: Mission Partly Accomplished,"It was a variant on a traditional convention for a party seeking a third straight term in the White House, attempting to overcome an apparent post-convention bounce for the opposition's candidate: shades of 1988 or 2000 or 2008. Usually it starts with a valedictory speech by the incumbent president, followed by celebration of the new nominee and ending with a rousing acceptance speech.
This year's Democratic convention in Philadelphia was different, because circumstances were different. Monday was about unifying the party, Tuesday about humanizing the nominee, Wednesday about disqualifying...",http://www.realclearpolitics.com/articles/2016/07/29/the_democratic_convention_mission_partly_accomplished_131368.html,0.93
"Fri, 29 Jul 2016 15:38:23 -0500",Is Russia Trying to Sway the U.S. Election?,"ASPEN, Colo. -- For many decades, Russian intelligence agencies have used what they call ""active measures"" to destabilize their rivals. Now they seem to be turning those tools on the U.S. political system, though in the process they appear to have violated Rule No. 1 of the spy business: Don't get caught.
     U.S. officials say they have strong evidence that Russian intelligence agencies hacked the files of the Democratic National Committee over the last year. What's less certain is whether they deliberately leaked some of those files to WikiLeaks, with the aim of disrupting Hillary...",http://www.realclearpolitics.com/articles/2016/07/29/is_russia_trying_to_sway_the_us_election_131367.html,0.93
"Fri, 29 Jul 2016 12:59:36 -0500","Two Conventions, Two Starkly Different Views of Nation","PHILADELPHIA -- The nation is in a state of crisis, or its mood is hopeful. Things are as bad as they&rsquo;ve ever been, or they are getting better. It&rsquo;s midnight in America, or it&rsquo;s morning. The country can be great again, or it already is great. 
Two weeks of back-to-back political party conventions presented visions so starkly different it would seem like Cleveland and Philadelphia existed on alternate planes. 
It is difficult for the party in power to argue for changing course -- particularly one asking for a third term -- while the insurgency campaigns for a new direction....",http://www.realclearpolitics.com/articles/2016/07/29/two_conventions_two_starkly_different_views_of_nation.html,0.93
"Fri, 29 Jul 2016 10:10:37 -0500",Has Clinton Written Off Working-Class White Men?,"The Democratic convention in Philadelphia this week was a shrewdly planned, well-choreographed, star-studded celebration of diversity, inclusion and social justice. A party now dominated by progressives also tried reaching out to moderate or defecting Republicans with decorated veterans, some tough talk on national security and passionate displays of patriotism. But for the white working-class men drawn to Donald Trump &ndash; the very voters who were for decades the foundation of the Democratic Party -- the message was clear: We've pretty much given up on you. 
The convention, which started...",http://www.realclearpolitics.com/articles/2016/07/29/has_clinton_written_off_working-class_white_men_131366.html,0.93
"Fri, 29 Jul 2016 07:54:44 -0500",Crowning Moment; Two Views of America; Trump-Putin; Ferraro Paves the Way,"Good morning from Philadelphia. It&rsquo;s Friday, July 29, 2016, and last night Hillary Rodham Clinton delivered a long-delayed speech to the nation as the first female presidential nominee of a major U.S. political party. HRC had hoped to do it in 2008, although if you think about it, the delay is a lot longer than eight years.
Two accomplished Republican women, Nancy Landon Kassebaum and Elizabeth Hanford Dole, were born on this date.
Kassebaum, a longtime U.S. senator from Kansas who supported the Equal Rights Amendment a generation ago and was known for civility and a common-sense...",http://www.realclearpolitics.com/articles/2016/07/29/crowning_moment_two_views_of_america_trump-putin_ferraro_paves_the_way_131365.html,0.93
"Fri, 29 Jul 2016 06:06:32 -0500",Clinton Caps Long Career With Historic Nomination,"PHILADELPHIA &ndash; Hillary Clinton came full circle here Thursday night, completing her long arc from  controversial first lady who defended her philandering husband to New York senator who saw the 2008 presidential nomination taken from her by a rising star from Illinois to secretary of state who became embroiled in the Benghazi and email scandals to her party&rsquo;s nominee. 
And, after a 35-year history in American politics in the shadow of the men she served, it was Hillary Clinton standing alone in the spotlight to become the first female presidential nominee of a majority party in...",http://www.realclearpolitics.com/articles/2016/07/29/clinton_caps_long_career_with_historic_nomination_131364.html,0.93
"Fri, 29 Jul 2016 16:31:52 -0500",Four Things to Look for in Post-Convention Polling,"PHILADELPHIA -- The Republican and Democratic conventions constitute one of the most tumultuous periods in general election polling -- voters are watching the speakers, reading headlines and forming opinions in real time, causing the numbers to change quickly, which is a problem for polls conducted over multiple days.
But once the conventions are over and the dust settles, the polls tend to stabilize and start to give a better sense of which candidate is likely to win the White House in November.
So for those who want to understand the state of the race better, here are four things to watch...",http://www.realclearpolitics.com/articles/2016/07/29/four_things_to_look_for_in_post-convention_polling_131362.html,0.93
"Fri, 29 Jul 2016 15:38:12 -0500",Where Does a Patriot Turn in 2016?,"Where does a true patriot turn in the 2016 presidential election? The Democratic Party's national convention is attempting to lay claim to the patriot mantle. Yet the party is not quite there. Former Defense Secretary Leon Panetta was heckled with chants of ""no more war."" The Code Pink wing lost the nomination this year, but it won the platform -- and may yet win it all in the next cycle.
President Barack Obama seeded his own speech with patriotic grace notes, and though he recoils from Donald Trump, his horror at Trump's style seemingly blinds him to their similarities. On substance, they...",http://www.realclearpolitics.com/articles/2016/07/29/where_does_a_patriot_turn_in_2016_131361.html,0.93
"Fri, 29 Jul 2016 15:26:09 -0500",What New Right Is This?,"The Republicans spent their week in Cleveland talking about terrorism and the lack of jobs around the country. Democrats spent much more energy in Philadelphia talking about confiscating gun rights and letting men in my daughter's bathroom. Curiously, the Democrats did spend a lot more time talking about God than the GOP did.
On Wednesday night, President Obama gave a stirring address that, in part, was the Republican response to Donald Trump. In part it was a stirring defense of progressivism. But like Bill Clinton totally skipping the year 1998 in his speech, Barack Obama totally skipped...",http://www.realclearpolitics.com/articles/2016/07/29/what_new_right_is_this_131360.html,0.93
"Thu, 28 Jul 2016 15:16:10 -0500",Trump/Clinton Negatives Hinder Outcome Predictions,"PHILADELPHIA -- With the Democratic National Convention coming to a close and the Donald Trump-Hillary Clinton general election matchup at hand, both candidates remain extremely unpopular, which makes predicting a victor extremely difficult, according to a panel of polling experts.
The pollsters&rsquo; discussion was part of RealClearPolitics&rsquo; &ldquo;Decoding 2016: The State of the Race,&rdquo; an event held here Thursday. It was the sixth in a series of discussions held during both parties&rsquo; conventions to explore the main issues of the presidential election.
Following the...",http://www.realclearpolitics.com/articles/2016/07/28/trumpclinton_negatives_hinder_outcome_predictions_131359.html,0.93
"Thu, 28 Jul 2016 18:15:12 -0500",Kaine Makes Case for Putting Trust in Clinton,"PHILADELPHIA &ndash; Eight years ago, Tim Kaine was passed over for the job of vice president for the more experienced Joe Biden. The loyal Virginia Democrat has been plugging away for his party ever since: finishing out his term as governor, chairing the Democratic National Committee, and now serving in the U.S. Senate.
Hillary Clinton was watching, and she chose him as her running mate.
Kaine had the difficult, almost unfortunate job of following Biden in prime time Wednesday night as he accepted his party&rsquo;s vice presidential nomination. The crowd went wild for their beloved...",http://www.realclearpolitics.com/articles/2016/07/28/kaine_makes_case_for_placing_trust_in_clinton.html,0.93
"Thu, 28 Jul 2016 13:30:39 -0500","Hey, Hillary. Can We Talk?","WASHINGTON -- There is no equivalence -- none -- between the campaigns of Donald Trump and Hillary Clinton when it comes to mistreatment of and contempt for the media. The Trump campaign's latest outrage on this score involved the hassling of a Washington Post reporter, Jose A. DelReal, at a rally for vice presidential nominee Mike Pence. DelReal was denied a media credential -- Trump last month barred The Post from being admitted to his events -- and then was prevented from entering as a member of the public with his laptop and cellphone, even though other attendees were permitted phones....",http://www.realclearpolitics.com/articles/2016/07/28/hey_hillary_can_we_talk_131358.html,0.93
"Thu, 28 Jul 2016 13:22:19 -0500",Obama: Continuity We Can Believe In,"PHILADELPHIA -- Barack Obama's mission on behalf of Hillary Clinton on Wednesday night was personal and political. He testified to her virtues as a would-be president in a way only a current president could. He insisted that the administration both of them helped fashion pulled the country from the economic abyss. And he sought to safeguard his legacy by ensuring his time in the White House would not be seen by history as having culminated in the election of Donald Trump.
     And so he went to work, combining rational argument with evangelical exhortation in the classic Obama fashion and...",http://www.realclearpolitics.com/articles/2016/07/28/obama_continuity_we_can_believe_in__131345.html,0.93
"Thu, 28 Jul 2016 13:20:15 -0500","Repent in Prison, Leslie Van Houten","""If the word 'Manson' was not attached to Leslie, she would have been out 20 years ago,"" attorney Richard Pfeiffer told me about his client, convicted Manson ""family"" killer Leslie Van Houten, who is serving a life sentence for her role in two 1969 murders. On Friday, Gov. Jerry Brown reversed a parole board recommendation to parole Van Houten, 66, because she is remorseful, has accepted responsibility for her crimes and no longer poses a danger to society. ""As our Supreme Court has acknowledged,"" Brown wrote, ""in rare circumstances a crime is so atrocious that it provides evidence of current...",http://www.realclearpolitics.com/articles/2016/07/28/repent_in_prison_leslie_van_houten_131357.html,0.93
